partners/availableDates/0,partners/availableDates/1,partners/availableDates/2,partners/availableDates/3,partners/availableDates/4,partners/availableDates/5,partners/availableDates/6,partners/availableDates/7,partners/availableDates/8,partners/country,partners/email,partners/firstName,partners/lastName,partners/availableDates/9,partners/availableDates/10,partners/availableDates/11,partners/availableDates/12
2017-05-19,2017-05-20,2017-05-21,2017-05-26,2017-05-28,2017-05-29,2017-06-01,2017-06-02,2017-06-03,United States,rketring@codingtemple.com,Rebbeca,Ketring,,,,
2017-05-25,2017-05-28,2017-05-29,2017-05-30,2017-05-31,2017-06-02,2017-06-03,,,United States,ccafaro@codingtemple.com,Casey,Cafaro,,,,
2017-05-18,2017-05-20,2017-05-21,2017-05-22,2017-05-25,2017-05-26,2017-05-28,2017-05-29,2017-05-31,United States,mlacau@codingtemple.com,Merilyn,Lacau,2017-06-01,2017-06-02,2017-06-03,
2017-05-16,2017-05-21,2017-05-28,2017-05-29,2017-06-02,2017-06-03,,,,United States,eomersa@codingtemple.com,Ester,Omersa,,,,
2017-05-18,2017-05-22,2017-05-25,2017-05-28,2017-05-29,2017-05-31,2017-06-01,2017-06-02,2017-06-03,United States,ssheahan@codingtemple.com,Shanna,Sheahan,,,,
2017-05-16,2017-05-18,2017-05-19,2017-05-20,2017-05-22,2017-05-23,2017-05-25,2017-05-28,2017-05-29,United States,msoult@codingtemple.com,Melvin,Soult,2017-06-01,2017-06-02,2017-06-03,
2017-05-22,2017-05-23,2017-05-26,2017-05-28,2017-05-29,2017-06-01,2017-06-02,2017-06-03,,United States,bleeks@codingtemple.com,Bong,Leeks,,,,
2017-05-18,2017-05-21,2017-05-23,2017-05-24,2017-05-26,2017-05-28,2017-05-29,2017-06-02,2017-06-03,United States,lsolid@codingtemple.com,Luna,Solid,,,,
2017-05-19,2017-05-22,2017-05-25,2017-05-26,2017-05-28,2017-05-29,2017-05-30,2017-05-31,2017-06-01,United States,bwatton@codingtemple.com,Britt,Watton,2017-06-02,2017-06-03,,
2017-05-16,2017-05-22,2017-05-24,2017-05-25,2017-05-26,2017-05-28,2017-05-29,2017-06-02,2017-06-03,United States,jmasher@codingtemple.com,Jeremiah,Masher,,,,
2017-05-19,2017-05-24,2017-05-25,2017-05-26,2017-05-28,2017-05-29,2017-06-02,2017-06-03,,United States,afernadez@codingtemple.com,Aaron,Fernadez,,,,
2017-05-17,2017-05-18,2017-05-19,2017-05-21,2017-05-25,2017-05-28,2017-05-29,2017-05-31,2017-06-01,United States,mmottern@codingtemple.com,Meta,Mottern,2017-06-02,2017-06-03,2017-06-06,
2017-05-19,2017-05-24,2017-05-25,2017-05-26,2017-05-28,2017-05-29,2017-06-01,2017-06-02,2017-06-03,United States,pdougherty@codingtemple.com,Phung,Dougherty,,,,
2017-05-24,2017-05-28,2017-05-29,2017-06-01,2017-06-02,2017-06-03,,,,United States,sdegunya@codingtemple.com,Suzan,Degunya,,,,
2017-05-18,2017-05-21,2017-05-22,2017-05-25,2017-05-28,2017-05-29,2017-06-02,2017-06-03,2017-06-08,United States,sbeemon@codingtemple.com,Shaunta,Beemon,2017-06-09,,,
2017-05-16,2017-05-19,2017-05-21,2017-05-26,2017-05-28,2017-05-29,2017-06-02,2017-06-03,,United States,mvirgel@codingtemple.com,Maggie,Virgel,,,,
2017-05-21,2017-05-24,2017-05-26,2017-05-31,,,,,,United States,szenger@codingtemple.com,Soraya,Zenger,,,,
2017-05-21,2017-05-22,2017-05-23,2017-05-31,2017-06-01,,,,,United States,jglosson@codingtemple.com,Jude,Glosson,,,,
2017-05-16,2017-05-17,2017-05-18,2017-05-19,2017-05-23,2017-05-24,2017-05-26,2017-05-31,2017-06-01,United States,fcragin@codingtemple.com,Felicita,Cragin,2017-06-07,,,
2017-05-17,2017-05-19,2017-05-22,2017-05-25,2017-05-26,,,,,United States,sdockal@codingtemple.com,Shakita,Dockal,,,,
2017-05-17,2017-05-21,2017-05-23,2017-05-24,2017-05-25,2017-05-26,2017-06-09,,,United States,rbreznay@codingtemple.com,Robbyn,Breznay,,,,
2017-05-18,2017-05-19,2017-06-01,,,,,,,United States,dbelgrave@codingtemple.com,Donny,Belgrave,,,,
2017-05-19,2017-05-21,2017-05-25,2017-06-01,,,,,,United States,nkobbe@codingtemple.com,Nada,Kobbe,,,,
2017-05-18,2017-05-21,2017-05-30,,,,,,,United States,sskinnen@codingtemple.com,Stacy,Skinnen,,,,
2017-05-18,2017-05-24,2017-05-26,2017-05-31,2017-06-08,,,,,United States,lskeeters@codingtemple.com,Lanie,Skeeters,,,,
2017-05-18,2017-05-19,2017-05-24,2017-05-25,2017-05-30,2017-05-31,2017-06-01,,,United States,hpolitte@codingtemple.com,Hans,Politte,,,,
2017-05-28,2017-05-29,2017-05-30,2017-05-31,2017-06-04,2017-06-05,,,,Ireland,sterrence@codingtemple.com,Santos,Terrence,,,,
2017-05-28,2017-05-29,2017-05-30,2017-05-31,2017-06-01,2017-06-06,2017-06-07,,,Ireland,dpatnode@codingtemple.com,Daniella,Patnode,,,,
2017-05-24,2017-05-25,2017-05-27,2017-05-28,2017-05-29,2017-05-30,2017-05-31,2017-06-01,2017-06-04,Ireland,enawwar@codingtemple.com,Everette,Nawwar,2017-06-08,2017-06-14,,
2017-05-25,2017-05-26,2017-05-28,2017-05-29,2017-05-30,2017-05-31,2017-06-01,2017-06-04,2017-06-06,Ireland,pbertog@codingtemple.com,Paola,Bertog,2017-06-08,2017-06-15,,
2017-05-28,2017-05-29,2017-05-30,2017-05-31,2017-06-07,2017-06-11,,,,Ireland,rguldemond@codingtemple.com,Riva,Guldemond,,,,
2017-05-26,2017-05-27,2017-05-28,2017-05-29,2017-05-30,2017-05-31,2017-06-04,2017-06-07,2017-06-09,Ireland,rfarlee@codingtemple.com,Rosanne,Farlee,2017-06-11,,,
2017-05-26,2017-05-28,2017-05-29,2017-05-30,2017-05-31,2017-06-01,2017-06-04,2017-06-07,2017-06-11,Ireland,elaskin@codingtemple.com,Elliot,Laskin,2017-06-17,,,
2017-05-26,2017-05-28,2017-05-29,2017-05-30,2017-05-31,2017-06-06,2017-06-11,,,Ireland,greif@codingtemple.com,Geneva,Reif,,,,
2017-05-24,2017-05-26,2017-05-28,2017-05-29,2017-05-30,2017-05-31,2017-06-01,2017-06-09,2017-06-11,Ireland,mclawson@codingtemple.com,Marva,Clawson,2017-06-16,,,
2017-05-28,2017-05-29,2017-05-30,2017-05-31,2017-06-04,2017-06-05,2017-06-06,2017-06-08,2017-06-09,Ireland,mbottenfield@codingtemple.com,Marie,Bottenfield,,,,
2017-05-26,2017-05-27,2017-05-28,2017-05-29,2017-05-30,2017-05-31,2017-06-07,2017-06-09,,Ireland,akulju@codingtemple.com,Ali,Kulju,,,,
2017-05-24,2017-05-25,2017-05-28,2017-05-29,2017-05-30,2017-05-31,2017-06-04,2017-06-05,2017-06-08,Ireland,cscoby@codingtemple.com,Claude,Scoby,2017-06-11,,,
2017-05-28,2017-05-29,2017-05-30,2017-05-31,2017-06-01,2017-06-04,2017-06-11,2017-06-17,,Ireland,dsiebenthal@codingtemple.com,Dot,Siebenthal,,,,
2017-05-26,2017-05-28,2017-05-29,2017-05-30,2017-05-31,2017-06-01,2017-06-04,2017-06-06,2017-06-07,Ireland,dharriet@codingtemple.com,Dina,Harriet,2017-06-09,2017-06-11,,
2017-05-28,2017-05-29,2017-05-30,2017-05-31,2017-06-01,2017-06-04,2017-06-05,2017-06-07,,Ireland,mcrossen@codingtemple.com,Marget,Crossen,,,,
2017-05-24,2017-06-01,2017-06-04,2017-06-11,,,,,,Ireland,emullahy@codingtemple.com,Edith,Mullahy,,,,
2017-05-24,2017-06-01,2017-06-04,2017-06-05,2017-06-07,2017-06-09,,,,Ireland,mkimble@codingtemple.com,Marinda,Kimble,,,,
2017-05-26,2017-06-04,2017-06-07,2017-06-11,,,,,,Ireland,mcodispoti@codingtemple.com,Marjorie,Codispoti,,,,
2017-05-25,2017-06-05,,,,,,,,Ireland,mdolinsky@codingtemple.com,Margarita,Dolinsky,,,,
2017-05-25,2017-05-26,2017-06-01,2017-06-11,,,,,,Ireland,jlehoullier@codingtemple.com,Jerrod,Lehoullier,,,,
2017-05-27,2017-06-01,2017-06-07,,,,,,,Ireland,jmanoso@codingtemple.com,Jerrica,Manoso,,,,
2017-05-24,2017-05-26,2017-06-05,2017-06-11,,,,,,Ireland,mcomer@codingtemple.com,Maryland,Comer,,,,
2017-06-05,2017-06-06,2017-06-07,,,,,,,Ireland,apassi@codingtemple.com,Agripina,Passi,,,,
2017-05-26,2017-06-05,2017-06-07,2017-06-11,2017-06-14,,,,,Ireland,dtighe@codingtemple.com,Delmer,Tighe,,,,
2017-05-24,2017-06-01,,,,,,,,Ireland,kdickinson@codingtemple.com,Keisha,Dickinson,,,,
2017-04-15,2017-04-16,2017-04-17,2017-04-18,2017-04-23,2017-04-24,2017-04-26,2017-04-27,2017-05-03,Spain,oduttinger@codingtemple.com,Obdulia,Duttinger,2017-05-04,,,
2017-04-16,2017-04-17,2017-04-28,2017-05-01,2017-05-02,2017-05-03,2017-05-04,,,Spain,tzavesky@codingtemple.com,Twila,Zavesky,,,,
2017-04-16,2017-04-17,2017-04-19,2017-04-23,2017-04-26,2017-04-27,2017-04-28,2017-04-29,2017-05-02,Spain,alyme@codingtemple.com,Antonina,Lyme,2017-05-03,2017-05-04,,
2017-04-16,2017-04-17,2017-04-24,2017-04-25,2017-04-27,2017-04-29,2017-04-30,2017-05-03,2017-05-04,Spain,mtalton@codingtemple.com,Mechelle,Talton,,,,
2017-04-15,2017-04-16,2017-04-17,2017-04-23,2017-04-28,2017-04-29,2017-05-01,2017-05-03,2017-05-04,Spain,aferkovich@codingtemple.com,Alleen,Ferkovich,,,,
2017-04-15,2017-04-16,2017-04-17,2017-04-18,2017-04-23,2017-04-24,2017-04-28,2017-04-29,2017-05-03,Spain,cbrookhouse@codingtemple.com,Caprice,Brookhouse,2017-05-04,2017-05-06,,
2017-04-15,2017-04-16,2017-04-17,2017-04-18,2017-04-23,2017-04-27,2017-04-29,2017-04-30,2017-05-02,Spain,mselk@codingtemple.com,Marcela,Selk,2017-05-03,2017-05-04,,
2017-04-16,2017-04-17,2017-04-19,2017-04-20,2017-04-27,2017-05-02,2017-05-03,2017-05-04,,Spain,amacneil@codingtemple.com,Allena,Macneil,,,,
2017-04-16,2017-04-17,2017-04-18,2017-04-23,2017-04-24,2017-04-26,2017-05-01,2017-05-02,2017-05-03,Spain,jplants@codingtemple.com,Jen,Plants,2017-05-04,,,
2017-04-15,2017-04-16,2017-04-17,2017-05-02,2017-05-03,2017-05-04,2017-05-08,,,Spain,devora@codingtemple.com,Dick,Evora,,,,
2017-04-16,2017-04-17,2017-04-18,2017-04-22,2017-04-23,2017-04-24,2017-04-28,2017-04-29,2017-05-02,Spain,bcustis@codingtemple.com,Bronwyn,Custis,2017-05-03,2017-05-04,,
2017-04-15,2017-04-16,2017-04-17,2017-04-26,2017-04-27,2017-04-29,2017-04-30,2017-05-02,2017-05-03,Spain,labbot@codingtemple.com,Loree,Abbot,2017-05-04,,,
2017-04-16,2017-04-17,2017-04-21,2017-04-22,2017-04-23,2017-04-26,2017-04-29,2017-05-03,2017-05-04,Spain,oalampi@codingtemple.com,Otha,Alampi,,,,
2017-04-16,2017-04-17,2017-04-18,2017-04-19,2017-04-23,2017-04-27,2017-05-02,2017-05-03,2017-05-04,Spain,vodien@codingtemple.com,Venus,Odien,2017-05-08,,,
2017-04-16,2017-04-17,2017-04-18,2017-04-27,2017-05-02,2017-05-03,2017-05-04,,,Spain,alema@codingtemple.com,Angelita,Lema,,,,
2017-04-15,2017-04-16,2017-04-17,2017-04-18,2017-04-24,2017-04-29,2017-05-01,2017-05-02,2017-05-03,Spain,civery@codingtemple.com,Camie,Ivery,2017-05-04,,,
2017-04-16,2017-04-17,2017-04-18,2017-04-27,2017-04-28,2017-05-03,2017-05-04,,,Spain,dheckler@codingtemple.com,Dorie,Heckler,,,,
2017-05-07,,,,,,,,,Spain,sloux@codingtemple.com,Shayne,Loux,,,,
2017-04-19,2017-04-20,2017-04-21,2017-04-23,2017-04-24,2017-04-26,2017-04-29,,,Spain,npleasanton@codingtemple.com,Nenita,Pleasanton,,,,
2017-04-18,2017-04-24,2017-04-25,2017-04-28,2017-04-29,,,,,Spain,bmcgue@codingtemple.com,Blake,Mcgue,,,,
2017-04-21,2017-04-22,2017-04-24,2017-04-27,2017-04-29,2017-05-02,2017-05-06,,,Spain,cwalbright@codingtemple.com,Caprice,Walbright,,,,
2017-04-24,2017-04-26,,,,,,,,Spain,lhalmstead@codingtemple.com,Latrice,Halmstead,,,,
2017-04-15,2017-04-18,2017-04-23,2017-04-26,2017-04-28,2017-05-01,2017-05-02,2017-05-07,,Spain,jfavieri@codingtemple.com,Jenee,Favieri,,,,
2017-04-15,2017-04-19,2017-04-23,2017-04-26,2017-05-01,2017-05-02,,,,Spain,sstudniarz@codingtemple.com,Sima,Studniarz,,,,
2017-04-18,2017-04-26,2017-04-27,2017-04-28,2017-04-29,,,,,Spain,ohindman@codingtemple.com,Otilia,Hindman,,,,
2017-04-27,2017-04-29,2017-04-30,,,,,,,Spain,skampa@codingtemple.com,Shamika,Kampa,,,,
2017-04-28,2017-05-01,,,,,,,,Spain,anickless@codingtemple.com,Adriane,Nickless,,,,
2017-04-17,2017-04-19,2017-04-20,2017-04-24,2017-04-28,2017-04-29,2017-04-30,2017-05-01,2017-05-04,Mexico,sbrugliera@codingtemple.com,Sharon,Brugliera,2017-05-05,2017-05-06,,
2017-04-19,2017-04-20,2017-04-24,2017-04-25,2017-05-01,2017-05-03,2017-05-04,2017-05-05,2017-05-06,Mexico,crupprecht@codingtemple.com,Cameron,Rupprecht,2017-05-11,,,
2017-04-18,2017-04-19,2017-04-20,2017-04-25,2017-04-29,2017-04-30,2017-05-03,2017-05-04,2017-05-05,Mexico,ltoepperwein@codingtemple.com,Lazaro,Toepperwein,,,,
2017-04-19,2017-04-20,2017-04-22,2017-04-23,2017-04-25,2017-04-28,2017-05-02,2017-05-03,2017-05-04,Mexico,faceveda@codingtemple.com,Florene,Aceveda,2017-05-05,2017-05-06,,
2017-04-17,2017-04-19,2017-04-20,2017-04-22,2017-04-27,2017-04-29,2017-04-30,2017-05-04,2017-05-05,Mexico,adanza@codingtemple.com,Alfonso,Danza,2017-05-06,2017-05-08,2017-05-10,
2017-04-17,2017-04-19,2017-04-20,2017-04-21,2017-04-23,2017-04-25,2017-04-28,2017-04-29,2017-04-30,Mexico,otreworgy@codingtemple.com,Olivia,Treworgy,2017-05-04,2017-05-05,,
2017-04-17,2017-04-19,2017-04-20,2017-04-25,2017-04-28,2017-04-29,2017-05-01,2017-05-04,2017-05-05,Mexico,bparmele@codingtemple.com,Bobbie,Parmele,2017-05-06,2017-05-09,,
2017-04-19,2017-04-20,2017-04-24,2017-04-26,2017-05-04,2017-05-05,2017-05-06,,,Mexico,ghilkert@codingtemple.com,Glennie,Hilkert,,,,
2017-04-19,2017-04-20,2017-04-22,2017-04-25,2017-04-26,2017-04-28,2017-04-30,2017-05-04,2017-05-05,Mexico,ymikhaiel@codingtemple.com,Youlanda,Mikhaiel,2017-05-06,,,
2017-04-19,2017-04-20,2017-04-28,2017-04-30,2017-05-04,2017-05-05,,,,Mexico,mdelarme@codingtemple.com,Merissa,Delarme,,,,
2017-04-19,2017-04-20,2017-04-21,2017-04-22,2017-04-23,2017-04-28,2017-04-30,2017-05-04,2017-05-05,Mexico,vchenevert@codingtemple.com,Vonnie,Chenevert,,,,
2017-04-17,2017-04-19,2017-04-20,2017-04-30,2017-05-04,2017-05-05,2017-05-06,,,Mexico,amolinini@codingtemple.com,Artie,Molinini,,,,
2017-04-19,2017-04-20,2017-04-29,2017-05-04,2017-05-05,,,,,Mexico,triopel@codingtemple.com,Toni,Riopel,,,,
2017-04-17,2017-04-19,2017-04-20,2017-04-25,2017-04-27,2017-04-29,2017-05-02,2017-05-04,2017-05-05,Mexico,fmaier@codingtemple.com,Florencia,Maier,,,,
2017-04-19,2017-04-20,2017-04-22,2017-04-23,2017-04-29,2017-05-02,2017-05-04,2017-05-05,2017-05-06,Mexico,bkuligowski@codingtemple.com,Bobby,Kuligowski,,,,
2017-04-17,2017-04-22,2017-04-24,2017-04-28,,,,,,Mexico,pstrohbehn@codingtemple.com,Paulina,Strohbehn,,,,
2017-04-28,2017-05-01,2017-05-06,2017-05-08,,,,,,Mexico,olavine@codingtemple.com,Olinda,Lavine,,,,
2017-04-18,2017-04-22,2017-04-25,2017-04-27,2017-04-29,2017-05-01,2017-05-03,2017-05-06,,Mexico,svecchione@codingtemple.com,Sara,Vecchione,,,,
2017-04-17,2017-04-22,2017-05-02,,,,,,,Mexico,cvipond@codingtemple.com,Celine,Vipond,,,,
2017-04-21,2017-04-30,2017-05-02,2017-05-06,,,,,,Mexico,kscarboro@codingtemple.com,Ken,Scarboro,,,,
2017-04-24,2017-04-27,2017-04-28,2017-04-29,2017-05-01,2017-05-02,,,,Mexico,jiacobelli@codingtemple.com,Jodee,Iacobelli,,,,
2017-04-25,2017-04-29,2017-04-30,,,,,,,Mexico,sjohannes@codingtemple.com,Sean,Johannes,,,,
2017-04-23,2017-04-24,2017-04-25,2017-04-28,2017-05-03,2017-05-09,,,,Mexico,ksinitiere@codingtemple.com,Kathrin,Sinitiere,,,,
2017-04-28,2017-04-29,2017-05-06,,,,,,,Mexico,fhurlebaus@codingtemple.com,Floria,Hurlebaus,,,,
2017-04-17,2017-04-21,2017-04-25,2017-04-28,2017-04-29,2017-04-30,2017-05-01,,,Mexico,breatherford@codingtemple.com,Billie,Reatherford,,,,
2017-06-23,2017-06-24,2017-06-26,2017-06-27,2017-07-03,2017-07-10,,,,Canada,rrojero@codingtemple.com,Randy,Rojero,,,,
2017-06-23,2017-06-24,2017-06-26,2017-06-27,2017-06-28,2017-06-29,2017-06-30,2017-07-01,2017-07-03,Canada,nshier@codingtemple.com,Natividad,Shier,,,,
2017-06-23,2017-06-24,2017-06-26,2017-06-27,2017-06-28,2017-07-02,2017-07-03,2017-07-05,2017-07-09,Canada,tdevoll@codingtemple.com,Toccara,Devoll,2017-07-10,,,
2017-06-23,2017-06-24,2017-06-26,2017-06-27,2017-06-30,2017-07-01,,,,Canada,lgritton@codingtemple.com,Lin,Gritton,,,,
2017-06-23,2017-06-24,2017-06-26,2017-06-27,2017-06-28,2017-07-07,2017-07-08,2017-07-10,2017-07-11,Canada,elizarrago@codingtemple.com,Edris,Lizarrago,,,,
2017-06-23,2017-06-24,2017-06-26,2017-06-27,2017-06-28,2017-07-01,2017-07-03,2017-07-05,2017-07-06,Canada,ehartly@codingtemple.com,Evie,Hartly,2017-07-09,,,
2017-06-23,2017-06-24,2017-06-26,2017-06-27,2017-06-28,2017-06-29,2017-06-30,2017-07-01,2017-07-05,Canada,mhutley@codingtemple.com,Marco,Hutley,2017-07-06,,,
2017-06-23,2017-06-24,2017-06-26,2017-06-27,2017-06-30,2017-07-01,2017-07-03,2017-07-09,,Canada,rveyna@codingtemple.com,Roseline,Veyna,,,,
2017-06-22,2017-06-23,2017-06-24,2017-06-26,2017-06-27,2017-06-29,2017-07-02,2017-07-11,,Canada,abending@codingtemple.com,Annett,Bending,,,,
2017-06-23,2017-06-24,2017-06-26,2017-06-27,2017-06-28,2017-06-29,2017-07-03,2017-07-04,2017-07-10,Canada,agewant@codingtemple.com,Antwan,Gewant,2017-07-11,2017-07-15,2017-07-16,
2017-06-23,2017-06-24,2017-06-26,2017-06-27,2017-06-28,2017-06-30,2017-07-01,2017-07-04,2017-07-09,Canada,csabori@codingtemple.com,Carol,Sabori,2017-07-11,,,
2017-06-23,2017-06-24,2017-06-26,2017-06-27,2017-06-30,2017-07-01,2017-07-03,,,Canada,jtrieger@codingtemple.com,Joni,Trieger,,,,
2017-06-23,2017-06-24,2017-06-26,2017-06-27,2017-06-28,2017-07-04,2017-07-05,2017-07-07,2017-07-11,Canada,rradoslovich@codingtemple.com,Richard,Radoslovich,,,,
2017-06-23,2017-06-24,2017-06-26,2017-06-27,2017-06-29,2017-07-06,2017-07-07,,,Canada,manglebrandt@codingtemple.com,Markus,Anglebrandt,,,,
2017-06-30,2017-07-01,2017-07-03,2017-07-07,,,,,,Canada,pcurt@codingtemple.com,Peter,Curt,,,,
2017-06-22,2017-07-03,2017-07-06,2017-07-09,2017-07-10,2017-07-14,,,,Canada,kschoeman@codingtemple.com,Katherine,Schoeman,,,,
2017-07-03,2017-07-06,2017-07-07,2017-07-08,2017-07-09,2017-07-11,2017-07-16,,,Canada,mboyarski@codingtemple.com,Mellie,Boyarski,,,,
2017-06-25,2017-06-28,2017-06-30,2017-07-01,2017-07-08,2017-07-09,2017-07-10,2017-07-11,,Canada,xlubbert@codingtemple.com,Xuan,Lubbert,,,,
2017-06-29,2017-07-01,2017-07-07,2017-07-10,,,,,,Canada,mmanusyants@codingtemple.com,Meghan,Manusyants,,,,
2017-06-30,2017-07-01,2017-07-03,2017-07-06,2017-07-07,2017-07-10,,,,Canada,nperagine@codingtemple.com,Noella,Peragine,,,,
2017-06-30,2017-07-07,2017-07-09,2017-07-16,,,,,,Canada,mnealer@codingtemple.com,Matthew,Nealer,,,,
2017-06-28,2017-06-29,2017-07-10,,,,,,,Canada,bludeker@codingtemple.com,Brandon,Ludeker,,,,
2017-06-29,2017-07-08,2017-07-09,,,,,,,Canada,psalowitz@codingtemple.com,Pearly,Salowitz,,,,
2017-06-28,2017-06-30,2017-07-09,2017-07-10,2017-07-13,,,,,Canada,wfaines@codingtemple.com,Winston,Faines,,,,
2017-06-03,2017-06-04,2017-06-07,2017-06-08,2017-06-14,2017-06-18,,,,Singapore,mskrobacki@codingtemple.com,Marjorie,Skrobacki,,,,
2017-06-02,2017-06-03,2017-06-04,2017-06-05,2017-06-07,2017-06-08,2017-06-09,2017-06-11,2017-06-15,Singapore,bchiappetta@codingtemple.com,Blossom,Chiappetta,2017-06-16,2017-06-21,,
2017-06-03,2017-06-04,2017-06-07,2017-06-08,2017-06-09,2017-06-21,2017-06-24,,,Singapore,vgoldhirsh@codingtemple.com,Veta,Goldhirsh,,,,
2017-06-03,2017-06-04,2017-06-07,2017-06-08,2017-06-12,2017-06-16,2017-06-20,2017-06-21,2017-06-23,Singapore,jkuester@codingtemple.com,Jude,Kuester,,,,
2017-06-03,2017-06-04,2017-06-06,2017-06-07,2017-06-08,2017-06-10,2017-06-12,2017-06-16,2017-06-18,Singapore,prushford@codingtemple.com,Patricia,Rushford,2017-06-20,2017-06-21,,
2017-06-03,2017-06-04,2017-06-07,2017-06-08,2017-06-10,2017-06-11,2017-06-18,,,Singapore,jnovakovich@codingtemple.com,Jannet,Novakovich,,,,
2017-06-02,2017-06-03,2017-06-04,2017-06-06,2017-06-07,2017-06-08,2017-06-11,2017-06-12,2017-06-19,Singapore,ctraut@codingtemple.com,Colette,Traut,,,,
2017-06-03,2017-06-04,2017-06-07,2017-06-08,2017-06-10,2017-06-12,2017-06-18,2017-06-23,,Singapore,skriger@codingtemple.com,Sheron,Kriger,,,,
2017-06-03,2017-06-04,2017-06-06,2017-06-07,2017-06-08,2017-06-09,2017-06-10,2017-06-11,2017-06-14,Singapore,yniedzwiecki@codingtemple.com,Yesenia,Niedzwiecki,2017-06-15,2017-06-18,2017-06-19,2017-06-20
2017-06-03,2017-06-04,2017-06-07,2017-06-08,2017-06-10,2017-06-20,2017-06-25,,,Singapore,imoala@codingtemple.com,Isa,Moala,,,,
2017-06-02,2017-06-03,2017-06-04,2017-06-06,2017-06-07,2017-06-08,2017-06-09,2017-06-10,2017-06-11,Singapore,jmolzahn@codingtemple.com,Jaimie,Molzahn,2017-06-15,2017-06-19,,
2017-06-03,2017-06-04,2017-06-07,2017-06-08,2017-06-15,,,,,Singapore,rdreyfuss@codingtemple.com,Robbi,Dreyfuss,,,,
2017-06-02,2017-06-03,2017-06-04,2017-06-06,2017-06-07,2017-06-08,2017-06-11,2017-06-14,2017-06-15,Singapore,wpreast@codingtemple.com,William,Preast,2017-06-20,,,
2017-06-03,2017-06-04,2017-06-06,2017-06-07,2017-06-08,2017-06-11,2017-06-15,2017-06-19,2017-06-20,Singapore,dhaselhuhn@codingtemple.com,Dorine,Haselhuhn,2017-06-25,,,
2017-06-03,2017-06-04,2017-06-07,2017-06-08,2017-06-09,2017-06-18,2017-06-20,2017-06-21,2017-06-24,Singapore,hboles@codingtemple.com,Harry,Boles,,,,
2017-06-03,2017-06-04,2017-06-06,2017-06-07,2017-06-08,2017-06-10,2017-06-11,2017-06-20,,Singapore,sgallardo@codingtemple.com,Shondra,Gallardo,,,,
2017-06-02,2017-06-03,2017-06-04,2017-06-07,2017-06-08,2017-06-15,2017-06-20,,,Singapore,egeis@codingtemple.com,Evangeline,Geis,,,,
2017-06-02,2017-06-10,2017-06-11,2017-06-16,2017-06-21,,,,,Singapore,fheiberger@codingtemple.com,Fanny,Heiberger,,,,
2017-06-11,2017-06-15,2017-06-16,2017-06-18,2017-06-20,,,,,Singapore,dvates@codingtemple.com,Dorthy,Vates,,,,
2017-06-06,2017-06-10,2017-06-11,2017-06-16,2017-06-18,2017-06-19,2017-06-21,,,Singapore,lfears@codingtemple.com,Leon,Fears,,,,
2017-06-09,2017-06-10,2017-06-12,2017-06-20,,,,,,Singapore,skizior@codingtemple.com,Sharleen,Kizior,,,,
2017-06-09,2017-06-10,2017-06-11,2017-06-20,2017-06-21,,,,,Singapore,cwhichard@codingtemple.com,Carlton,Whichard,,,,
2017-06-09,2017-06-12,2017-06-14,2017-06-15,2017-06-19,2017-06-21,,,,Singapore,vabruzzese@codingtemple.com,Vergie,Abruzzese,,,,
2017-06-06,2017-06-09,2017-06-10,2017-06-11,2017-06-14,2017-06-18,,,,Singapore,lpercey@codingtemple.com,Lewis,Percey,,,,
2017-06-10,2017-06-11,2017-06-16,2017-06-18,2017-06-21,,,,,Singapore,sriola@codingtemple.com,Stephnie,Riola,,,,
2017-06-02,2017-06-10,2017-06-15,2017-06-21,,,,,,Singapore,ncorporan@codingtemple.com,Nenita,Corporan,,,,
2017-06-05,2017-06-09,2017-06-10,2017-06-15,2017-06-18,2017-06-20,,,,Singapore,jhelland@codingtemple.com,Jaimee,Helland,,,,
2017-06-09,2017-06-10,2017-06-15,2017-06-16,2017-06-19,2017-06-21,2017-06-22,2017-06-23,,Japan,kbirenbaum@codingtemple.com,Kandis,Birenbaum,,,,
2017-06-09,2017-06-10,2017-06-12,2017-06-13,2017-06-15,2017-06-16,2017-06-18,2017-06-20,2017-06-25,Japan,smallet@codingtemple.com,Sidney,Mallet,,,,
2017-06-09,2017-06-10,2017-06-12,2017-06-14,2017-06-15,2017-06-16,2017-06-19,2017-06-21,2017-06-22,Japan,oblackwelder@codingtemple.com,Orpha,Blackwelder,2017-06-25,2017-06-27,,
2017-06-09,2017-06-10,2017-06-13,2017-06-15,2017-06-16,2017-06-21,2017-06-28,,,Japan,mleckband@codingtemple.com,Maren,Leckband,,,,
2017-06-09,2017-06-10,2017-06-15,2017-06-16,2017-06-19,2017-06-21,2017-06-22,2017-06-25,,Japan,laubrey@codingtemple.com,Laurette,Aubrey,,,,
2017-06-09,2017-06-10,2017-06-12,2017-06-15,2017-06-16,2017-06-23,,,,Japan,skoellmann@codingtemple.com,Stephania,Koellmann,,,,
2017-06-09,2017-06-10,2017-06-15,2017-06-16,2017-06-20,,,,,Japan,cgrasso@codingtemple.com,Carlos,Grasso,,,,
2017-06-09,2017-06-10,2017-06-12,2017-06-14,2017-06-15,2017-06-16,2017-06-17,2017-06-22,2017-06-25,Japan,mpittard@codingtemple.com,Mao,Pittard,,,,
2017-06-09,2017-06-10,2017-06-12,2017-06-15,2017-06-16,2017-06-20,2017-06-21,2017-06-22,2017-06-26,Japan,ckollmorgen@codingtemple.com,Chanell,Kollmorgen,,,,
2017-06-09,2017-06-10,2017-06-11,2017-06-12,2017-06-13,2017-06-15,2017-06-16,2017-06-25,2017-06-26,Japan,thouse@codingtemple.com,Tomas,House,,,,
2017-06-09,2017-06-10,2017-06-14,2017-06-15,2017-06-16,2017-06-19,2017-06-21,2017-06-23,2017-06-25,Japan,drede@codingtemple.com,Darcel,Rede,,,,
2017-06-09,2017-06-10,2017-06-13,2017-06-14,2017-06-15,2017-06-16,2017-06-19,2017-06-21,2017-06-24,Japan,lalway@codingtemple.com,Leatha,Alway,2017-06-26,2017-06-27,2017-06-28,
2017-06-09,2017-06-10,2017-06-13,2017-06-14,2017-06-15,2017-06-16,2017-06-19,2017-06-22,2017-06-25,Japan,fpeteet@codingtemple.com,Florrie,Peteet,2017-06-27,2017-06-30,,
2017-06-09,2017-06-10,2017-06-11,2017-06-12,2017-06-15,2017-06-16,2017-06-18,2017-06-21,2017-06-25,Japan,lnikolas@codingtemple.com,Lynette,Nikolas,,,,
2017-06-09,2017-06-10,2017-06-13,2017-06-14,2017-06-15,2017-06-16,2017-06-18,2017-06-22,2017-06-25,Japan,vcortner@codingtemple.com,Vernie,Cortner,2017-07-02,,,
2017-06-09,2017-06-10,2017-06-12,2017-06-15,2017-06-16,2017-06-18,2017-06-20,2017-06-26,2017-07-03,Japan,hvazzana@codingtemple.com,Henry,Vazzana,,,,
2017-06-19,2017-06-20,2017-06-21,2017-06-22,2017-06-26,,,,,Japan,ltacadina@codingtemple.com,Lilian,Tacadina,,,,
2017-06-11,2017-06-13,2017-06-14,2017-06-22,2017-06-24,2017-06-27,,,,Japan,thenrickson@codingtemple.com,Tommye,Henrickson,,,,
2017-06-11,2017-06-12,2017-06-22,2017-07-01,2017-07-02,,,,,Japan,ccodell@codingtemple.com,Coral,Codell,,,,
2017-06-11,2017-06-14,2017-06-19,,,,,,,Japan,eallscheid@codingtemple.com,Eladia,Allscheid,,,,
2017-06-11,2017-06-20,2017-06-21,2017-06-22,2017-06-25,2017-06-26,,,,Japan,csultemeier@codingtemple.com,Chery,Sultemeier,,,,
2017-06-12,2017-06-19,2017-06-27,,,,,,,Japan,dgezalyan@codingtemple.com,Dora,Gezalyan,,,,
2017-06-14,2017-06-21,2017-06-22,,,,,,,Japan,wdolinger@codingtemple.com,Winter,Dolinger,,,,
2017-06-11,2017-06-12,2017-06-19,2017-06-21,2017-06-25,2017-06-30,,,,Japan,meby@codingtemple.com,Maye,Eby,,,,
2017-06-13,2017-06-14,2017-06-18,2017-06-22,2017-06-24,2017-06-25,2017-06-26,,,Japan,scowgill@codingtemple.com,Shannon,Cowgill,,,,
2017-06-11,2017-06-22,2017-06-24,2017-06-25,,,,,,Japan,fsylvis@codingtemple.com,Fiona,Sylvis,,,,
2017-06-01,2017-06-02,2017-06-05,2017-06-06,2017-06-18,,,,,United Kingdom,arosentrater@codingtemple.com,Anisha,Rosentrater,,,,
2017-06-01,2017-06-02,2017-06-05,2017-06-06,2017-06-09,2017-06-10,2017-06-12,2017-06-13,2017-06-18,United Kingdom,jgoettsche@codingtemple.com,Jeremy,Goettsche,2017-06-21,2017-06-22,,
2017-06-01,2017-06-02,2017-06-04,2017-06-05,2017-06-06,2017-06-13,,,,United Kingdom,nbehal@codingtemple.com,Natosha,Behal,,,,
2017-06-01,2017-06-02,2017-06-04,2017-06-05,2017-06-06,2017-06-07,2017-06-14,,,United Kingdom,bkilcher@codingtemple.com,Bennett,Kilcher,,,,
2017-06-01,2017-06-02,2017-06-05,2017-06-06,2017-06-09,2017-06-12,2017-06-13,2017-06-15,2017-06-16,United Kingdom,ostutler@codingtemple.com,Onita,Stutler,2017-06-21,,,
2017-06-01,2017-06-02,2017-06-05,2017-06-06,2017-06-13,2017-06-14,2017-06-15,2017-06-17,,United Kingdom,emaohu@codingtemple.com,Eleanora,Maohu,,,,
2017-06-01,2017-06-02,2017-06-05,2017-06-06,2017-06-09,2017-06-10,2017-06-13,2017-06-14,2017-06-17,United Kingdom,jbattistoni@codingtemple.com,Jasper,Battistoni,2017-06-23,,,
2017-06-01,2017-06-02,2017-06-03,2017-06-04,2017-06-05,2017-06-06,2017-06-14,2017-06-16,,United Kingdom,ccoryea@codingtemple.com,Celine,Coryea,,,,
2017-06-01,2017-06-02,2017-06-05,2017-06-06,2017-06-09,2017-06-10,2017-06-12,2017-06-13,2017-06-17,United Kingdom,gcintron@codingtemple.com,Genaro,Cintron,2017-06-19,,,
2017-06-01,2017-06-02,2017-06-05,2017-06-06,2017-06-07,2017-06-10,2017-06-12,2017-06-13,2017-06-14,United Kingdom,scorlett@codingtemple.com,Shirleen,Corlett,2017-06-15,2017-06-16,2017-06-17,
2017-06-01,2017-06-02,2017-06-05,2017-06-06,2017-06-09,2017-06-12,2017-06-13,2017-06-17,,United Kingdom,dallocca@codingtemple.com,Dina,Allocca,,,,
2017-06-01,2017-06-02,2017-06-05,2017-06-06,2017-06-09,2017-06-10,2017-06-12,2017-06-21,,United Kingdom,dneedler@codingtemple.com,Deetta,Needler,,,,
2017-06-01,2017-06-02,2017-06-05,2017-06-06,2017-06-16,2017-06-17,,,,United Kingdom,lsachez@codingtemple.com,Linnie,Sachez,,,,
2017-06-01,2017-06-02,2017-06-05,2017-06-06,2017-06-10,2017-06-16,2017-06-17,,,United Kingdom,sszabo@codingtemple.com,Sandy,Szabo,,,,
2017-06-01,2017-06-02,2017-06-05,2017-06-06,2017-06-12,2017-06-14,2017-06-16,2017-06-17,2017-06-18,United Kingdom,smaleck@codingtemple.com,Sherise,Maleck,,,,
2017-06-01,2017-06-02,2017-06-05,2017-06-06,2017-06-12,2017-06-13,2017-06-14,2017-06-17,,United Kingdom,jholtrop@codingtemple.com,January,Holtrop,,,,
2017-06-10,2017-06-12,2017-06-13,2017-06-16,2017-06-24,,,,,United Kingdom,sslupe@codingtemple.com,Suellen,Slupe,,,,
2017-06-10,2017-06-14,2017-06-15,2017-06-16,2017-06-17,,,,,United Kingdom,gbarvosa@codingtemple.com,Gussie,Barvosa,,,,
2017-06-04,2017-06-10,2017-06-14,2017-06-16,,,,,,United Kingdom,jschouten@codingtemple.com,Jung,Schouten,,,,
2017-06-04,2017-06-10,2017-06-16,,,,,,,United Kingdom,nrilley@codingtemple.com,Noe,Rilley,,,,
2017-06-04,2017-06-09,2017-06-10,2017-06-14,2017-06-16,,,,,United Kingdom,hharrah@codingtemple.com,Hope,Harrah,,,,
2017-05-31,2017-06-04,2017-06-08,2017-06-10,2017-06-14,2017-06-15,2017-06-17,2017-06-18,,United Kingdom,tbrechbiel@codingtemple.com,Tifany,Brechbiel,,,,
2017-06-10,2017-06-12,2017-06-16,2017-06-17,2017-06-18,,,,,United Kingdom,ypherigo@codingtemple.com,Yajaira,Pherigo,,,,
2017-05-31,2017-06-07,2017-06-10,2017-06-12,2017-06-14,2017-06-16,,,,United Kingdom,ppereyra@codingtemple.com,Patrick,Pereyra,,,,
2017-06-04,2017-06-07,2017-06-09,2017-06-12,2017-06-13,,,,,United Kingdom,rtilleman@codingtemple.com,Rozanne,Tilleman,,,,
2017-06-04,2017-06-08,2017-06-09,2017-06-12,2017-06-14,2017-06-16,2017-06-18,,,United Kingdom,lcobian@codingtemple.com,Lakiesha,Cobian,,,,
2017-06-08,2017-06-09,2017-06-10,2017-06-11,2017-06-12,2017-06-16,2017-06-17,2017-06-20,2017-06-25,France,efallick@codingtemple.com,Ericka,Fallick,,,,
2017-06-04,2017-06-08,2017-06-09,2017-06-10,2017-06-11,2017-06-13,2017-06-15,2017-06-17,2017-06-18,France,wkissner@codingtemple.com,Winona,Kissner,2017-06-20,2017-06-25,,
2017-06-04,2017-06-08,2017-06-09,2017-06-10,2017-06-15,2017-06-16,2017-06-17,2017-06-18,2017-06-25,France,ecantatore@codingtemple.com,Evelina,Cantatore,,,,
2017-06-08,2017-06-09,2017-06-10,2017-06-13,2017-06-15,2017-06-16,2017-06-17,2017-06-18,2017-06-20,France,vrindal@codingtemple.com,Vern,Rindal,2017-06-25,,,
2017-06-04,2017-06-08,2017-06-09,2017-06-10,2017-06-11,2017-06-16,2017-06-18,2017-06-25,,France,nbeau@codingtemple.com,Noma,Beau,,,,
2017-06-03,2017-06-06,2017-06-08,2017-06-09,2017-06-10,2017-06-12,2017-06-13,2017-06-15,2017-06-16,France,jgarafola@codingtemple.com,Jamar,Garafola,2017-06-18,2017-06-25,,
2017-06-02,2017-06-04,2017-06-06,2017-06-08,2017-06-09,2017-06-10,2017-06-13,2017-06-16,2017-06-18,France,bdurke@codingtemple.com,Broderick,Durke,2017-06-19,2017-06-25,,
2017-06-06,2017-06-08,2017-06-09,2017-06-10,2017-06-11,2017-06-20,2017-06-25,,,France,jtopp@codingtemple.com,Janita,Topp,,,,
2017-06-04,2017-06-08,2017-06-09,2017-06-10,2017-06-12,2017-06-13,2017-06-15,2017-06-17,2017-06-18,France,tgrush@codingtemple.com,Thaddeus,Grush,2017-06-19,2017-06-20,2017-06-25,
2017-06-06,2017-06-08,2017-06-09,2017-06-10,2017-06-11,2017-06-15,2017-06-16,2017-06-17,2017-06-25,France,tpinela@codingtemple.com,Trula,Pinela,,,,
2017-06-06,2017-06-08,2017-06-09,2017-06-10,2017-06-12,2017-06-17,2017-06-18,2017-06-25,,France,jdefore@codingtemple.com,Joseph,Defore,,,,
2017-06-08,2017-06-09,2017-06-10,2017-06-11,2017-06-13,2017-06-18,2017-06-25,2017-06-26,,France,jeffner@codingtemple.com,Julieann,Effner,,,,
2017-06-08,2017-06-09,2017-06-10,2017-06-11,2017-06-13,2017-06-16,2017-06-18,2017-06-20,2017-06-25,France,csibille@codingtemple.com,Carmon,Sibille,2017-06-26,,,
2017-06-08,2017-06-09,2017-06-10,2017-06-11,2017-06-13,2017-06-15,2017-06-16,2017-06-18,2017-06-19,France,agimble@codingtemple.com,Amina,Gimble,2017-06-25,,,
2017-06-03,2017-06-08,2017-06-09,2017-06-10,2017-06-11,2017-06-13,2017-06-15,2017-06-25,2017-06-26,France,dmaneafaiga@codingtemple.com,Daniella,Maneafaiga,,,,
2017-06-08,2017-06-09,2017-06-10,2017-06-16,2017-06-17,2017-06-25,,,,France,dvosburg@codingtemple.com,Doretta,Vosburg,,,,
2017-06-06,2017-06-08,2017-06-09,2017-06-10,2017-06-11,2017-06-15,2017-06-17,2017-06-25,,France,jmacareno@codingtemple.com,Jacqualine,Macareno,,,,
2017-06-06,2017-06-11,2017-06-13,2017-06-15,2017-06-20,2017-06-23,2017-06-25,,,France,stukis@codingtemple.com,Sunday,Tukis,,,,
2017-06-21,2017-06-25,,,,,,,,France,manhalt@codingtemple.com,Monroe,Anhalt,,,,
2017-06-06,2017-06-25,,,,,,,,France,alatulipe@codingtemple.com,Astrid,Latulipe,,,,
2017-06-12,2017-06-15,2017-06-16,2017-06-20,2017-06-25,,,,,France,cmalakan@codingtemple.com,Cindi,Malakan,,,,
2017-06-05,2017-06-12,2017-06-16,2017-06-18,2017-06-20,2017-06-25,,,,France,tgilgour@codingtemple.com,Tamra,Gilgour,,,,
2017-06-06,2017-06-13,2017-06-17,2017-06-20,2017-06-25,,,,,France,awaloven@codingtemple.com,Andrew,Waloven,,,,
2017-06-06,2017-06-11,2017-06-18,2017-06-19,2017-06-25,,,,,France,ssteffey@codingtemple.com,Sam,Steffey,,,,
2017-06-06,2017-06-11,2017-06-13,2017-06-15,2017-06-16,2017-06-18,2017-06-24,2017-06-25,,France,lhaymer@codingtemple.com,Latrisha,Haymer,,,,
2017-06-06,2017-06-14,2017-06-16,2017-06-19,2017-06-25,,,,,France,hscheiern@codingtemple.com,Hassan,Scheiern,,,,
2017-06-05,2017-06-06,2017-06-12,2017-06-13,2017-06-16,2017-06-17,2017-06-25,,,France,bmerrithew@codingtemple.com,Benton,Merrithew,,,,
